Region,WRI,Exposure,year,Continent
Vanuatu,32,56.33,2011,4
Tonga,29.08,56.04,2011,4
Philippines,24.32,45.09,2011,2
Solomon Is.,23.51,36.4,2011,3
Guatemala,20.88,38.42,2011,1
Bangladesh,17.45,27.52,2011,2
Timor-Leste,17.45,25.97,2011,2
Costa Rica,16.74,42.39,2011,1
Cambodia,16.58,26.66,2011,2
El Salvador,16.49,32.18,2011,1
Nicaragua,15.74,27.64,2011,1
Papua New Guinea,15.45,23.26,2011,4
Madagascar,14.46,20.68,2011,0
Brunei,14.08,36.28,2011,0
Afghanistan,14.06,18.45,2011,2
Niger,14.03,18.49,2011,0
Gambia,13.9,22.2,2011,0
Bhutan,13.65,24.63,2011,2
Fiji,13.57,25.87,2011,4
Guinea-Bissau,13.12,18.53,2011,0
Jamaica,12.89,28.11,2011,1
Chad,12.25,16.3,2011,0
Honduras,12.1,21.81,2011,1
Dominican Rep.,12,24.91,2011,1
Chile,11.97,31.25,2011,1
Mauritius,11.91,29.59,2011,0
Senegal,11.76,18.7,2011,0
Indonesia,11.69,20.49,2011,2
Burkina Faso,11.58,16.92,2011,0
Burundi,11.56,16.09,2011,0
Mali,11.51,16.59,2011,0
Haiti,11.45,15.95,2011,1
Sierra Leone,11.25,15.31,2011,0
Vietnam,11.21,22.02,2011,2
Japan,11.13,39.57,2011,2
Benin,10.9,16.2,2011,0
Togo,10.4,14.98,2011,0
Cameroon,10.27,16.23,2011,0
Albania,9.98,22.47,2011,3
Mozambique,9.98,13.86,2011,0
Mauritania,9.7,14.57,2011,0
Zimbabwe,9.63,14.3,2011,0
Guinea,9.49,13.35,2011,0
Cabo Verde,9.47,17.25,2011,0
Uzbekistan,9.37,17.28,2011,2
Ghana,9.35,15.67,2011,0
Suriname,9.25,19.52,2011,1
Sudan,9.25,13.71,2011,0
Liberia,9.2,12.71,2011,0
Nigeria,9.03,13.41,2011,0
Côte d'Ivoire,9.03,14.5,2011,0
Guyana,9.02,17.85,2011,1
Malawi,8.99,13.73,2011,0
Ecuador,8.69,18.13,2011,1
Rwanda,8.68,13.72,2011,0
Tanzania,8.64,12.91,2011,2
Myanmar,8.54,14.47,2011,2
Kyrgyzstan,8.48,17.09,2011,2
Zambia,8.41,12.89,2011,0
Ethiopia,8.27,11.64,2011,0
Algeria,8.06,16.51,2011,0
Angola,8.02,12.88,2011,0
Samoa,7.88,14.95,2011,4
Lesotho,7.86,12.46,2011,0
Sri Lanka,7.84,15.05,2011,2
Pakistan,7.84,12.27,2011,2
Kenya,7.82,11.9,2011,0
Kongo,7.71,12.19,2011,4
Netherlands,7.71,29.24,2011,3
Panama,7.7,17.27,2011,1
India,7.68,12.68,2011,2
Uganda,7.57,11.68,2011,0
Tajikistan,7.47,13.56,2011,2
eSwatini,7.37,11.98,2011,0
Peru,7.24,15.08,2011,1
Eritrea,7.22,9.9,2011,0
Central African Rep.,7.18,9.91,2011,1
Morocco,7.17,13.41,2011,0
Greece,7.09,20.89,2011,3
Djibouti,7.05,11.14,2011,0
Georgia,6.97,15.11,2011,2
Turkmenistan,6.95,13.77,2011,2
Comoros,6.93,10.1,2011,0
Armenia,6.9,14.67,2011,2
Thailand,6.86,14.84,2011,2
Colombia,6.86,14,2011,1
Yemen,6.83,10.23,2011,2
Azerbaijan,6.8,13.9,2011,2
Eq. Guinea,6.72,11.71,2011,1
Trinidad and Tobago,6.7,15.97,2011,1
Malaysia,6.69,15.59,2011,2
Namibia,6.63,11.76,2011,0
Mexico,6.53,14.75,2011,1
Romania,6.43,15.68,2011,3
China,6.36,12.89,2011,2
Gabon,6.3,11.82,2011,0
Bosnia and Herz.,6.25,13.89,2011,1
Syria,6.19,11.35,2011,3
Nepal,6.15,9.97,2011,2
Venezuela,6.11,13.42,2011,4
Cuba,5.99,15.17,2011,1
Belize,5.93,12.59,2011,1
North Macedonia,5.86,14.28,2011,3
Laos,5.8,9.7,2011,2
Iraq,5.77,9.18,2011,2
Tunisia,5.72,12.43,2011,0
South Africa,5.71,12.42,2011,0
Botswana,5.56,11.52,2011,0
Hungary,5.49,15.37,2011,3
Serbia,5.44,13.1,2011,3
Turkey,5.38,11.81,2011,2
Bolivia,5.16,9.34,2011,2
Jordan,5.13,11.5,2011,2
Iran,5.11,10.4,2011,2
Lebanon,5.01,11.12,2011,2
Moldova,4.78,10.24,2011,4
Italy,4.74,14.14,2011,3
Bahamas,4.52,11.08,2011,1
Australia,4.28,14.72,2011,4
New Zealand,4.28,15.73,2011,4
Brazil,4.26,9.7,2011,1
Ireland,4.15,14.09,2011,3
Czechia,4.15,11,2011,3
South Korea,4.14,12.34,2011,1
Paraguay,4.12,7.68,2011,1
United Arab Emirates,4.09,10.48,2011,2
Bulgaria,4.08,11.08,2011,3
Kazakhstan,4.04,9.71,2011,2
Uruguay,3.94,10.84,2011,1
Argentina,3.77,9.71,2011,1
São Tomé and Principe,3.73,6.28,2011,0
Slovenia,3.72,11.75,2011,3
United States of America,3.72,12,2011,1
Croatia,3.71,11.17,2011,3
Kuwait,3.71,8.96,2011,2
Libya,3.67,7.53,2011,0
Portugal,3.62,11.02,2011,3
United Kingdom,3.61,11.61,2011,2
Russia,3.56,9.07,2011,3
Belgium,3.51,11.82,2011,3
Cyprus,3.46,10.62,2011,2
Mongolia,3.43,6.99,2011,2
Poland,3.42,9.6,2011,3
Austria,3.41,13.4,2011,3
Slovakia,3.38,10.18,2011,3
Spain,3.29,10.65,2011,3
Latvia,3.09,8.66,2011,3
Ukraine,3.02,7.2,2011,3
Belarus,2.98,8.03,2011,3
Germany,2.96,11.14,2011,3
Lithuania,2.89,8.39,2011,3
Denmark,2.86,10.53,2011,3
Singapore,2.85,9.21,2011,2
Oman,2.8,6.41,2011,2
France,2.76,9.64,2011,3
Luxembourg,2.7,10.09,2011,3
Seychelles,2.68,6.09,2011,3
Israel,2.6,7.13,2011,2
Canada,2.57,9.08,2011,1
Switzerland,2.55,9.96,2011,3
Barbados,2.44,6.87,2011,1
Egypt,2.38,4.79,2011,0
Grenada,2.29,4.9,2011,1
Norway,2.28,8.75,2011,3
Estonia,2.25,6.8,2011,3
Finland,2.06,8.14,2011,3
Sweden,2,8.14,2011,3
Kiribati,1.88,3.31,2011,4
Bahrain,1.66,4.03,2011,2
Island,1.56,6.22,2011,3
Saudi Arabia,1.26,2.91,2011,2
Malta,0.72,2.15,2011,3
Qatar,0.02,0.05,2011,2
Vanuatu,36.43,63.66,2013,4
Tonga,28.23,55.27,2013,4
Philippines,27.52,52.46,2013,2
Guatemala,20.88,36.3,2013,1
Bangladesh,19.81,31.7,2013,2
Solomon Is.,18.11,29.98,2013,3
Costa Rica,16.94,42.61,2013,1
Cambodia,16.9,27.65,2013,2
El Salvador,16.85,32.6,2013,1
Timor-Leste,16.37,25.73,2013,2
Papua New Guinea,15.9,24.94,2013,4
Brunei,15.8,41.1,2013,0
Mauritius,15.18,37.35,2013,0
Nicaragua,14.89,27.23,2013,1
Japan,14.1,45.91,2013,2
Fiji,13.56,27.71,2013,4
Guinea-Bissau,13.09,19.65,2013,0
Vietnam,12.81,25.35,2013,2
Chile,12.28,30.95,2013,1
Jamaica,12.15,25.82,2013,1
Haiti,11.88,16.26,2013,1
Gambia,11.71,19.29,2013,0
Guyana,11.65,22.9,2013,1
Niger,11.62,15.87,2013,0
Benin,11.32,17.06,2013,0
Dominican Rep.,11.28,23.14,2013,1
Cameroon,11.23,18.19,2013,0
Madagascar,11.09,16.03,2013,0
Chad,11.06,14.89,2013,0
Senegal,10.99,17.57,2013,0
Honduras,10.91,20.01,2013,1
Cabo Verde,10.8,20.26,2013,0
Indonesia,10.54,19.36,2013,2
Burundi,10.46,15.13,2013,0
Sierra Leone,10.37,14.65,2013,0
Togo,10.34,15.56,2013,0
Albania,10.01,21.25,2013,3
Zimbabwe,9.96,14.96,2013,0
Afghanistan,9.93,13.17,2013,2
Djibouti,9.84,16.34,2013,0
Burkina Faso,9.72,14.32,2013,0
Myanmar,9.1,14.87,2013,2
Côte d'Ivoire,8.96,13.67,2013,0
Mozambique,8.89,12.73,2013,0
Ghana,8.81,14.48,2013,0
Netherlands,8.76,30.57,2013,3
Uzbekistan,8.66,16.18,2013,2
Mali,8.65,12.55,2013,0
Suriname,8.55,18.12,2013,1
Kyrgyzstan,8.43,16.63,2013,2
Guinea,8.32,12.03,2013,0
Nigeria,8.32,12.06,2013,0
Mauritania,8.26,12.47,2013,0
Algeria,8.13,15.82,2013,0
Malawi,8.02,12.34,2013,0
Tanzania,7.99,12.01,2013,2
Bhutan,7.98,14.81,2013,2
Sudan,7.87,11.86,2013,0
Ecuador,7.77,16.15,2013,1
Liberia,7.71,10.96,2013,0
Sri Lanka,7.67,14.79,2013,2
eSwatini,7.65,12.76,2013,0
Trinidad and Tobago,7.65,17.54,2013,1
Kongo,7.57,11.65,2013,4
Serbia,7.53,18.05,2013,3
Comoros,7.52,10.97,2013,0
Panama,7.49,16.45,2013,1
Zambia,7.46,11.37,2013,0
Rwanda,7.43,11.98,2013,0
Ethiopia,7.38,11.12,2013,0
Greece,7.36,21.11,2013,3
Tajikistan,7.35,12.98,2013,2
Pakistan,7.21,11.36,2013,2
India,7.17,11.94,2013,2
Morocco,7.13,13.25,2013,0
Lesotho,7.09,11.4,2013,0
Peru,7.08,14.4,2013,1
Kenya,7.02,10.69,2013,0
Armenia,6.97,14.51,2013,2
China,6.91,14.43,2013,2
Colombia,6.9,13.84,2013,1
Georgia,6.83,14.69,2013,2
Uganda,6.69,10.16,2013,0
Belize,6.62,13.31,2013,1
Romania,6.61,15.77,2013,3
Turkmenistan,6.57,13.19,2013,2
Central African Rep.,6.57,9.39,2013,1
Cuba,6.51,17.45,2013,1
Angola,6.48,10.18,2013,0
Malaysia,6.45,14.6,2013,2
Bosnia and Herz.,6.42,14.02,2013,1
Mexico,6.39,13.84,2013,1
Eritrea,6.35,8.55,2013,0
Thailand,6.34,13.7,2013,2
Azerbaijan,6.28,13.16,2013,2
North Macedonia,6.19,14.38,2013,3
Venezuela,6.16,13.15,2013,4
Yemen,6.03,9.04,2013,2
Gabon,5.93,11.95,2013,0
Tunisia,5.9,12.45,2013,0
South Africa,5.8,12.08,2013,0
Laos,5.71,9.55,2013,2
Hungary,5.69,15.61,2013,3
Namibia,5.68,10.41,2013,0
Syria,5.67,10.56,2013,3
Nepal,5.53,9.16,2013,2
Turkey,5.52,12.25,2013,2
Botswana,5.37,10.55,2013,0
Bolivia,5.08,8.98,2013,2
Lebanon,5.05,11.14,2013,2
Moldova,5.05,11.11,2013,4
South Korea,4.94,14.89,2013,1
Iran,4.92,10.19,2013,2
Jordan,4.88,10.53,2013,2
Italy,4.88,13.85,2013,3
Iraq,4.83,8.08,2013,2
Ireland,4.69,14.74,2013,3
New Zealand,4.69,15.44,2013,4
Australia,4.51,15.05,2013,4
Samoa,4.51,9.1,2013,4
Eq. Guinea,4.49,8.22,2013,1
Bulgaria,4.43,11.66,2013,3
Brazil,4.26,9.53,2013,1
Croatia,4.24,11.53,2013,3
Uruguay,4.09,11.1,2013,1
Bahamas,3.99,10.71,2013,1
United States of America,3.99,12.25,2013,1
Libya,3.93,7.8,2013,0
Paraguay,3.85,7.03,2013,1
Kazakhstan,3.84,9.11,2013,2
Portugal,3.8,10.93,2013,3
Austria,3.8,13.6,2013,3
Russia,3.78,9.38,2013,3
Argentina,3.76,9.55,2013,1
United Kingdom,3.71,11.6,2013,2
Kuwait,3.7,9.04,2013,2
Slovenia,3.69,11.59,2013,3
Slovakia,3.63,10.21,2013,3
Czechia,3.61,10.82,2013,3
Latvia,3.48,9.26,2013,3
Poland,3.46,9.79,2013,3
Belgium,3.42,11.66,2013,3
Spain,3.38,10.23,2013,3
São Tomé and Principe,3.35,5.81,2013,0
Belarus,3.31,8.46,2013,3
Germany,3.24,11.41,2013,3
Canada,3.18,10.25,2013,1
Lithuania,3.18,8.88,2013,3
Ukraine,3.14,7.5,2013,3
Mongolia,3.1,6.52,2013,2
Denmark,3.1,10.87,2013,3
France,2.79,9.25,2013,3
Cyprus,2.77,7.44,2013,2
Oman,2.74,6.41,2013,2
Luxembourg,2.68,9.12,2013,3
Switzerland,2.61,9.56,2013,3
Seychelles,2.58,5.99,2013,3
Estonia,2.52,7.23,2013,3
Singapore,2.49,7.82,2013,2
Israel,2.49,6.41,2013,2
Norway,2.35,8.58,2013,3
Egypt,2.34,4.72,2013,0
Finland,2.28,8.19,2013,3
Sweden,2.26,7.97,2013,3
United Arab Emirates,2.1,5.93,2013,2
Bahrain,1.81,4.27,2013,2
Kiribati,1.78,3.05,2013,4
Island,1.55,5.67,2013,3
Grenada,1.44,3.13,2013,1
Saudi Arabia,1.32,2.93,2013,2
Barbados,1.16,3.46,2013,1
Malta,0.61,1.65,2013,3
Qatar,0.1,0.28,2013,2
Vanuatu,36.72,63.66,2015,4
Tonga,28.45,55.27,2015,4
Philippines,27.98,52.46,2015,2
Guatemala,20.1,36.3,2015,1
Solomon Is.,19.29,29.98,2015,3
Bangladesh,19.26,31.7,2015,2
Costa Rica,17.17,42.61,2015,1
Cambodia,16.82,27.65,2015,2
Papua New Guinea,16.82,24.94,2015,4
El Salvador,16.8,32.6,2015,1
Timor-Leste,16.23,25.73,2015,2
Brunei,16.15,41.1,2015,0
Mauritius,14.66,37.35,2015,0
Nicaragua,14.63,27.23,2015,1
Guinea-Bissau,13.78,19.65,2015,0
Fiji,13.47,27.71,2015,4
Japan,13.35,45.91,2015,2
Vietnam,12.89,25.35,2015,2
Gambia,12.11,19.29,2015,0
Jamaica,12.07,25.82,2015,1
Haiti,11.93,16.26,2015,1
Guyana,11.61,22.9,2015,1
Niger,11.41,15.87,2015,0
Benin,11.41,17.06,2015,0
Dominican Rep.,11.34,23.14,2015,1
Chile,11.2,30.95,2015,1
Madagascar,11.16,16.03,2015,0
Cameroon,11.12,18.19,2015,0
Chad,11.05,14.89,2015,0
Senegal,10.89,17.57,2015,0
Honduras,10.7,20.01,2015,1
Togo,10.59,15.56,2015,0
Burundi,10.59,15.13,2015,0
Sierra Leone,10.5,14.65,2015,0
Indonesia,10.39,19.36,2015,2
Cabo Verde,10.17,20.26,2015,0
Albania,10.03,21.25,2015,3
Djibouti,9.94,16.34,2015,0
Zimbabwe,9.88,14.96,2015,0
Afghanistan,9.55,13.17,2015,2
Burkina Faso,9.48,14.32,2015,0
Côte d'Ivoire,9.06,13.67,2015,0
Myanmar,9.01,14.87,2015,2
Mozambique,8.93,12.73,2015,0
Mali,8.75,12.55,2015,0
Ghana,8.65,14.48,2015,0
Uzbekistan,8.56,16.18,2015,2
Guinea,8.5,12.03,2015,0
Suriname,8.36,18.12,2015,1
Netherlands,8.29,30.57,2015,3
Malawi,8.27,12.34,2015,0
Kyrgyzstan,8.25,16.63,2015,2
Mauritania,8.14,12.47,2015,0
Nigeria,8.12,12.06,2015,0
Sudan,8.02,11.86,2015,0
Tanzania,7.94,12.01,2015,2
Liberia,7.89,10.96,2015,0
Bhutan,7.71,14.81,2015,2
Zambia,7.55,11.37,2015,0
eSwatini,7.55,12.76,2015,0
Algeria,7.53,15.82,2015,0
Trinidad and Tobago,7.48,17.54,2015,1
Comoros,7.48,10.97,2015,0
Ethiopia,7.45,11.12,2015,0
Ecuador,7.44,16.15,2015,1
Sri Lanka,7.37,14.79,2015,2
Kongo,7.35,11.65,2015,4
Rwanda,7.32,11.98,2015,0
Panama,7.3,16.45,2015,1
Tajikistan,7.16,12.98,2015,2
Greece,7.06,21.11,2015,3
Pakistan,7.03,11.36,2015,2
Central African Rep.,7.02,9.39,2015,1
Lesotho,6.97,11.4,2015,0
Kenya,6.95,10.69,2015,0
Turkmenistan,6.9,13.19,2015,2
Serbia,6.89,18.05,2015,3
India,6.88,11.94,2015,2
Peru,6.82,14.4,2015,1
China,6.8,14.43,2015,2
Morocco,6.76,13.25,2015,0
Colombia,6.72,13.84,2015,1
Uganda,6.63,10.16,2015,0
Angola,6.62,10.18,2015,0
Belize,6.6,13.31,2015,1
Georgia,6.55,14.69,2015,2
Romania,6.5,15.77,2015,3
Malaysia,6.44,14.6,2015,2
Thailand,6.38,13.7,2015,2
Gabon,6.25,11.95,2015,0
Eritrea,6.23,8.55,2015,0
Mexico,6.23,13.84,2015,1
Bosnia and Herz.,6.18,14.02,2015,1
Armenia,6.18,14.51,2015,2
North Macedonia,6.14,14.38,2015,3
Cuba,6.12,17.45,2015,1
Yemen,6,9.04,2015,2
Azerbaijan,5.98,13.16,2015,2
Venezuela,5.89,13.15,2015,4
Laos,5.67,9.55,2015,2
Syria,5.59,10.56,2015,3
Namibia,5.59,10.41,2015,0
Tunisia,5.46,12.45,2015,0
Botswana,5.43,10.55,2015,0
South Africa,5.43,12.08,2015,0
Hungary,5.41,15.61,2015,3
Turkey,5.37,12.25,2015,2
Nepal,5.23,9.16,2015,2
Lebanon,4.96,11.14,2015,2
Moldova,4.88,11.11,2015,4
Iran,4.83,10.19,2015,2
Bolivia,4.82,8.98,2015,2
South Korea,4.79,14.89,2015,1
Iraq,4.76,8.08,2015,2
Eq. Guinea,4.69,8.22,2015,1
Jordan,4.68,10.53,2015,2
Italy,4.54,13.85,2015,3
Ireland,4.46,14.74,2015,3
Bulgaria,4.26,11.66,2015,3
New Zealand,4.23,15.44,2015,4
Croatia,4.21,11.53,2015,3
Bahamas,4.21,10.71,2015,1
Brazil,4.21,9.53,2015,1
Australia,3.98,15.05,2015,4
Libya,3.95,7.8,2015,0
Uruguay,3.93,11.1,2015,1
United States of America,3.87,12.25,2015,1
Russia,3.84,9.38,2015,3
Kazakhstan,3.67,9.11,2015,2
Paraguay,3.65,7.03,2015,1
Argentina,3.62,9.55,2015,1
Austria,3.61,13.6,2015,3
United Kingdom,3.58,11.6,2015,2
Slovenia,3.57,11.59,2015,3
Portugal,3.56,10.93,2015,3
Slovakia,3.52,10.21,2015,3
Czechia,3.46,10.82,2015,3
Latvia,3.42,9.26,2015,3
Poland,3.27,9.79,2015,3
Belgium,3.26,11.66,2015,3
Kuwait,3.26,9.04,2015,2
Canada,3.14,10.25,2015,1
Spain,3.1,10.23,2015,3
Ukraine,3.09,7.5,2015,3
Belarus,3.07,8.46,2015,3
Germany,3,11.41,2015,3
Lithuania,2.98,8.88,2015,3
Mongolia,2.96,6.52,2015,2
Denmark,2.95,10.87,2015,3
Cyprus,2.76,7.44,2015,2
France,2.76,9.25,2015,3
Oman,2.75,6.41,2015,2
Seychellen,2.56,5.99,2015,3
Luxembourg,2.46,9.12,2015,3
Switzerland,2.46,9.56,2015,3
Estonia,2.42,7.23,2015,3
Israel,2.39,6.41,2015,2
Norway,2.28,8.58,2015,3
Egypt,2.26,4.72,2015,0
Finland,2.26,8.19,2015,3
Singapore,2.24,7.82,2015,2
Sweden,2.22,7.97,2015,3
United Arab Emirates,1.84,5.93,2015,2
Bahrain,1.76,4.27,2015,2
Kiribati,1.73,3.05,2015,4
Island,1.55,5.67,2015,3
Grenada,1.44,3.13,2015,1
Barbados,1.22,3.46,2015,1
Saudi Arabia,1.1,2.93,2015,2
Malta,0.62,1.65,2015,3
Qatar,0.08,0.28,2015,2
Vanuatu,36.5,63.66,2014,4
Philippines,28.25,52.46,2014,2
Tonga,28.23,55.27,2014,4
Guatemala,20.68,36.3,2014,1
Bangladesh,19.37,31.7,2014,2
Solomon Is.,19.18,29.98,2014,3
Costa Rica,17.33,42.61,2014,1
El Salvador,17.12,32.6,2014,1
Cambodia,17.12,27.65,2014,2
Papua New Guinea,16.74,24.94,2014,4
Timor-Leste,16.41,25.73,2014,2
Brunei,16.23,41.1,2014,0
Nicaragua,14.87,27.23,2014,1
Mauritius,14.78,37.35,2014,0
Guinea-Bissau,13.75,19.65,2014,0
Fiji,13.65,27.71,2014,4
Japan,13.38,45.91,2014,2
Vietnam,13.09,25.35,2014,2
Gambia,12.23,19.29,2014,0
Jamaica,12.2,25.82,2014,1
Haiti,12,16.26,2014,1
Guyana,11.81,22.9,2014,1
Dominican Rep.,11.5,23.14,2014,1
Niger,11.45,15.87,2014,0
Benin,11.42,17.06,2014,0
Chile,11.3,30.95,2014,1
Chad,11.28,14.89,2014,0
Cameroon,11.2,18.19,2014,0
Madagascar,11.2,16.03,2014,0
Senegal,10.96,17.57,2014,0
Honduras,10.8,20.01,2014,1
Burundi,10.59,15.13,2014,0
Sierra Leone,10.57,14.65,2014,0
Indonesia,10.55,19.36,2014,2
Togo,10.47,15.56,2014,0
Cabo Verde,10.32,20.26,2014,0
Albania,10.17,21.25,2014,3
Zimbabwe,10.01,14.96,2014,0
Djibouti,9.93,16.34,2014,0
Afghanistan,9.71,13.17,2014,2
Burkina Faso,9.62,14.32,2014,0
Côte d'Ivoire,9.29,13.67,2014,0
Myanmar,9.14,14.87,2014,2
Mozambique,9.03,12.73,2014,0
Mali,8.85,12.55,2014,0
Ghana,8.77,14.48,2014,0
Uzbekistan,8.67,16.18,2014,2
Guinea,8.53,12.03,2014,0
Suriname,8.42,18.12,2014,1
Kyrgyzstan,8.33,16.63,2014,2
Netherlands,8.25,30.57,2014,3
Nigeria,8.24,12.06,2014,0
Malawi,8.21,12.34,2014,0
Mauritania,8.17,12.47,2014,0
Tanzania,8.11,12.01,2014,2
Sudan,8.08,11.86,2014,0
Liberia,7.9,10.96,2014,0
Bhutan,7.83,14.81,2014,2
eSwatini,7.66,12.76,2014,0
Algeria,7.63,15.82,2014,0
Ecuador,7.63,16.15,2014,1
Zambia,7.61,11.37,2014,0
Ethiopia,7.57,11.12,2014,0
Congo,7.53,11.65,2014,0
Trinidad and Tobago,7.49,17.54,2014,1
Comoros,7.44,10.97,2014,0
Sri Lanka,7.43,14.79,2014,2
Panama,7.41,16.45,2014,1
Rwanda,7.3,11.98,2014,0
Tajikistan,7.17,12.98,2014,2
Greece,7.1,21.11,2014,3
Pakistan,7.07,11.36,2014,2
India,7.04,11.94,2014,2
Lesotho,7.03,11.4,2014,0
Kenya,7,10.69,2014,0
Serbia,6.91,18.05,2014,3
Peru,6.91,14.4,2014,1
China,6.9,14.43,2014,2
Colombia,6.83,13.84,2014,1
Morocco,6.8,13.25,2014,0
Georgia,6.8,14.69,2014,2
Central African Rep.,6.78,9.39,2014,0
Turkmenistan,6.76,13.19,2014,2
Uganda,6.69,10.16,2014,0
Angola,6.67,10.18,2014,0
Belize,6.59,13.31,2014,1
Romania,6.55,15.77,2014,3
Malaysia,6.51,14.6,2014,2
Cuba,6.42,17.45,2014,1
Thailand,6.38,13.7,2014,2
Mexico,6.27,13.84,2014,1
Gabon,6.26,11.95,2014,0
Eritrea,6.26,8.55,2014,0
Armenia,6.21,14.51,2014,2
Bosnia and Herz.,6.2,14.02,2014,1
North Macedonia,6.14,14.38,2014,3
Yemen,6.07,9.04,2014,2
Azerbaijan,6.04,13.16,2014,2
Venezuela,5.85,13.15,2014,4
Laos,5.75,9.55,2014,2
Namibia,5.61,10.41,2014,0
Syria,5.58,10.56,2014,3
Tunisia,5.47,12.45,2014,0
Hungary,5.46,15.61,2014,3
Botswana,5.45,10.55,2014,0
South Africa,5.38,12.08,2014,0
Turkey,5.34,12.25,2014,2
Nepal,5.29,9.16,2014,2
Bolivia,5.04,8.98,2014,2
Lebanon,5.01,11.14,2014,2
Moldova,4.92,11.11,2014,4
Iran,4.88,10.19,2014,2
Iraq,4.84,8.08,2014,2
South Korea,4.8,14.89,2014,1
Jordan,4.75,10.53,2014,2
Eq. Guinea,4.71,8.22,2014,1
Ireland,4.52,14.74,2014,3
Italy,4.48,13.85,2014,3
Brazil,4.3,9.53,2014,1
Croatia,4.28,11.53,2014,3
Bulgaria,4.21,11.66,2014,3
New Zealand,4.2,15.44,2014,4
Bahamas,4.19,10.71,2014,1
Uruguay,4,11.1,2014,1
Libya,4,7.8,2014,0
Australia,3.93,15.05,2014,4
United States of America,3.88,12.25,2014,3
Russia,3.85,9.38,2014,3
Kazakhstan,3.74,9.11,2014,2
Paraguay,3.74,7.03,2014,1
Argentina,3.68,9.55,2014,1
Slovenia,3.64,11.59,2014,3
Portugal,3.61,10.93,2014,3
Austria,3.58,13.6,2014,3
Slovakia,3.57,10.21,2014,3
United Kingdom,3.54,11.6,2014,2
Czech Republic,3.46,10.82,2014,2
Latvia,3.45,9.26,2014,3
Belgium,3.41,11.66,2014,3
Kuwait,3.34,9.04,2014,2
Poland,3.28,9.79,2014,3
Spain,3.2,10.23,2014,3
Canada,3.14,10.25,2014,1
Belarus,3.12,8.46,2014,3
Ukraine,3.11,7.5,2014,3
Lithuania,3.01,8.88,2014,3
Germany,3.01,11.41,2014,3
Mongolia,3,6.52,2014,2
Denmark,2.93,10.87,2014,3
Cyprus,2.76,7.44,2014,2
Oman,2.74,6.41,2014,2
France,2.69,9.25,2014,3
Luxembourg,2.52,9.12,2014,3
Seychelles,2.51,5.99,2014,0
Switzerland,2.48,9.56,2014,3
Estonia,2.43,7.23,2014,3
Israel,2.38,6.41,2014,2
Norway,2.31,8.58,2014,3
Egypt,2.29,4.72,2014,0
Singapore,2.25,7.82,2014,2
Finland,2.24,8.19,2014,3
Sweden,2.19,7.97,2014,3
United Arab Emirates,1.91,5.93,2014,2
Bahrain,1.78,4.27,2014,2
Kiribati,1.72,3.05,2014,4
Iceland,1.56,5.67,2014,3
Grenada,1.44,3.13,2014,1
Barbados,1.21,3.46,2014,1
Saudi Arabia,1.17,2.93,2014,2
Malta,0.62,1.65,2014,3
Qatar,0.08,0.28,2014,2
Qatar,0.3,0.85,2021,2
Malta,0.69,2.31,2021,3
St. Vin. and Gren.,0.7,1.62,2021,2
Saudi Arabia,0.94,2.58,2021,2
Grenada,1.06,2.4,2021,1
Barbados,1.37,3.61,2021,1
Maldives,1.69,4.18,2021,2
Island,1.71,7.14,2021,3
Egypt,1.82,3.76,2021,0
Estonia,1.99,6.51,2021,3
Finland,2,8.26,2021,3
Switzerland,2.04,9.01,2021,3
Lithuania,2.18,7.35,2021,3
Sweden,2.25,8.8,2021,3
Singapore,2.5,8.88,2021,2
France,2.51,9.63,2021,3
Luxembourg,2.53,9.57,2021,3
Oman,2.54,6.04,2021,2
São Tomé and Principe,2.57,4.54,2021,0
Belarus,2.64,8,2021,3
Germany,2.66,11.51,2021,3
Belgium,2.71,11.41,2021,3
Ukraine,2.72,6.92,2021,3
Denmark,2.79,11.92,2021,3
Canada,2.81,10.36,2021,1
Israel,2.81,8.45,2021,2
Norway,2.87,10.84,2021,3
Bahrain,2.93,7.33,2021,2
Mongolia,2.98,6.91,2021,2
Latvia,3.01,8.8,2021,3
Austria,3.06,13.08,2021,3
Czechia,3.06,10.76,2021,3
Poland,3.07,9.45,2021,3
South Korea,3.13,11.4,2021,1
United Arab Emirates,3.14,10.48,2021,2
Cyprus,3.21,8.97,2021,2
Bhutan,3.25,6.9,2021,2
Slovakia,3.33,10.1,2021,3
Slovenia,3.42,11.4,2021,3
Libya,3.47,7.37,2021,0
Kazakhstan,3.48,9.34,2021,2
United Kingdom,3.51,12.58,2021,2
Portugal,3.52,11.6,2021,3
Argentina,3.52,9.6,2021,1
Russia,3.53,9.5,2021,3
Paraguay,3.56,7.43,2021,1
Spain,3.62,11.77,2021,3
Botswana,3.94,8.23,2021,0
United States of America,3.98,13.03,2021,1
Moldova,4,9.63,2021,4
Jordan,4.11,9.24,2021,2
Croatia,4.16,12.04,2021,3
Bulgaria,4.16,11.93,2021,3
Bahamas,4.27,11.63,2021,1
Kuwait,4.32,11.9,2021,2
Laos,4.46,8.01,2021,2
Ireland,4.49,16.68,2021,3
Saint Lucia,4.52,9.83,2021,1
Australia,4.54,18.07,2021,4
Nepal,4.66,8.51,2021,2
Bosnia and Herz.,4.68,10.89,2021,1
Bolivia,4.71,9.49,2021,2
Italy,4.74,15.02,2021,3
Seychelles,4.89,11.94,2021,3
New Zealand,4.96,17.59,2021,4
Brazil,4.97,11.35,2021,1
Iran,5.03,10.9,2021,2
Hungary,5.07,15.24,2021,3
Turkey,5.11,12.57,2021,2
Armenia,5.4,14.23,2021,2
Serbia,5.42,13.84,2021,3
Lebanon,5.49,11.61,2021,2
Samoa,5.54,11.46,2021,4
Georgia,5.69,15.14,2021,2
Romania,5.71,15.39,2021,3
Yemen,5.72,8.27,2021,2
Cuba,5.75,16.3,2021,1
Syria,5.8,10.63,2021,3
Iraq,5.8,10.4,2021,2
Azerbaijan,5.81,14.21,2021,2
North Macedonia,5.82,14.48,2021,3
Morocco,5.82,12.12,2021,0
Tajikistan,5.84,12.15,2021,2
Tunisia,5.85,13.08,2021,0
Turkmenistan,5.85,12.25,2021,2
Namibia,5.86,11.3,2021,0
China,5.87,14.29,2021,2
Mexico,6.03,14.2,2021,1
South Africa,6.46,13.47,2021,0
Thailand,6.52,14.79,2021,2
Gabon,6.6,12.75,2021,0
India,6.65,12.52,2021,2
Lesotho,6.66,11.1,2021,0
Colombia,6.72,14.83,2021,1
Montenegro,6.75,17.8,2021,3
Peru,6.75,14.92,2021,1
Pakistan,6.8,11.95,2021,2
Kongo,6.84,10.56,2021,4
Eritrea,6.87,9.66,2021,0
Greece,6.93,22.23,2021,3
Micronesia,7.11,14.03,2021,1
Kyrgyzstan,7.25,16.49,2021,2
Myanmar,7.25,12.92,2021,2
Eq. Guinea,7.29,12.73,2021,1
Suriname,7.38,15.24,2021,1
Sri Lanka,7.55,15.99,2021,2
Rwanda,7.55,12.37,2021,0
Central African Rep.,7.64,10.08,2021,1
Algeria,7.66,16.61,2021,0
Zambia,7.72,12.12,2021,0
Malaysia,7.73,19.09,2021,2
Panama,7.76,17.74,2021,1
eSwatini,7.85,13.54,2021,0
Uzbekistan,7.91,16.28,2021,2
Ethiopia,7.93,11.75,2021,0
Netherlands,7.98,31.75,2021,3
Venezuela,7.99,16.02,2021,4
Belize,8.03,16.73,2021,1
Afghanistan,8.18,12.27,2021,2
Mauritania,8.2,13.15,2021,0
Albania,8.23,19.77,2021,3
Sudan,8.47,13.13,2021,0
Uganda,8.64,12.88,2021,0
Guinea,8.65,12.7,2021,0
Trinidad and Tobago,8.67,22.58,2021,1
Dem. Rep. Congo,8.78,11.86,2021,3
Ecuador,8.82,18.75,2021,1
Liberia,8.92,13.48,2021,0
Tanzania,8.94,13.97,2021,2
Malawi,8.94,13.35,2021,0
Mauritius,9.04,23.85,2021,0
Mozambique,9.11,13.26,2021,0
Zimbabwe,9.3,14.51,2021,0
Ghana,9.32,16.38,2021,0
Sierra Leone,9.4,13.65,2021,0
Japan,9.66,38.51,2021,2
Senegal,9.79,16.5,2021,0
Côte d'Ivoire,9.98,15.57,2021,0
Vietnam,10.27,22.04,2021,2
Angola,10.28,15.61,2021,0
Kenya,10.33,16.63,2021,0
Burundi,10.42,14.88,2021,0
Madagascar,10.44,14.97,2021,0
Indonesia,10.67,21.3,2021,2
Mali,10.71,15.61,2021,0
Togo,10.99,16.6,2021,0
Burkina Faso,11.19,16.59,2021,0
Honduras,11.23,20.66,2021,1
Chile,11.32,32.51,2021,1
Dominican Rep.,11.49,24.72,2021,1
Benin,11.71,17.92,2021,0
Chad,11.94,15.76,2021,0
Jamaica,12.02,25.92,2021,1
Gambia,12.4,19.75,2021,0
Uruguay,12.53,35.97,2021,1
Nigeria,12.66,19.64,2021,0
Cameroon,13.07,20.35,2021,0
Guinea-Bissau,13.39,18.88,2021,0
Niger,13.9,19.27,2021,0
Nicaragua,14.12,26.02,2021,1
Haiti,14.54,21.41,2021,1
Comoros,14.91,23.62,2021,0
Kiribati,15.14,26.41,2021,4
El Salvador,15.32,31.62,2021,1
Djibouti,15.48,25.78,2021,0
Timor-Leste,15.75,28.27,2021,2
Cambodia,15.8,26.89,2021,2
Fiji,16.06,34.51,2021,4
Bangladesh,16.23,28.11,2021,2
Costa Rica,17.06,44.27,2021,1
Cabo Verde,17.72,37.23,2021,0
Guatemala,20.23,36.79,2021,1
Papua New Guinea,20.9,30.62,2021,4
Philippines,21.39,42.68,2021,2
Guyana,21.83,43.93,2021,1
Brunei,22.77,58.17,2021,0
Antigua and Barb.,27.28,67.73,2021,1
Dominica,27.42,61.74,2021,1
Tonga,30.51,63.63,2021,4
Solomon Is.,31.16,51.13,2021,3
Vanuatu,47.73,82.55,2021,4
Vanuatu,36.45,63.66,2017,4
Tonga,28.57,55.27,2017,4
Philippines,27.69,52.46,2017,2
Guatemala,20.46,36.3,2017,1
Bangladesh,19.57,31.7,2017,2
Solomon Is.,18.77,29.98,2017,3
Costa Rica,17.16,42.61,2017,1
Cambodia,16.92,27.65,2017,2
El Salvador,16.74,32.6,2017,1
Timor-Leste,16.37,25.73,2017,2
Papua New Guinea,16.34,24.94,2017,4
Brunei,16.22,41.1,2017,0
Mauritius,15.11,37.35,2017,0
Nicaragua,14.88,27.23,2017,1
Fiji,13.5,27.71,2017,4
Guinea-Bissau,13.5,19.65,2017,0
Japan,13.47,45.91,2017,2
Vietnam,12.84,25.35,2017,2
Jamaica,12.08,25.82,2017,1
Gambia,11.99,19.29,2017,0
Haiti,11.89,16.26,2017,1
Chile,11.74,30.95,2017,1
Guyana,11.65,22.9,2017,1
Niger,11.53,15.87,2017,0
Benin,11.39,17.06,2017,0
Dominican Rep.,11.34,23.14,2017,1
Cameroon,11.19,18.19,2017,0
Madagascar,11.11,16.03,2017,0
Chad,11.07,14.89,2017,0
Senegal,10.86,17.57,2017,0
Honduras,10.82,20.01,2017,1
Cabo Verde,10.51,20.26,2017,0
Indonesia,10.49,19.36,2017,2
Togo,10.48,15.56,2017,0
Burundi,10.48,15.13,2017,0
Sierra Leone,10.45,14.65,2017,0
Djibouti,9.99,16.34,2017,0
Zimbabwe,9.96,14.96,2017,0
Albania,9.93,21.25,2017,3
Afghanistan,9.69,13.17,2017,2
Burkina Faso,9.62,14.32,2017,0
Myanmar,9.06,14.87,2017,2
Côte d'Ivoire,9.04,13.67,2017,0
Mozambique,8.93,12.73,2017,0
Ghana,8.69,14.48,2017,0
Mali,8.68,12.55,2017,0
Uzbekistan,8.64,16.18,2017,2
Suriname,8.48,18.12,2017,1
Guinea,8.42,12.03,2017,0
Netherlands,8.41,30.57,2017,3
Kyrgyzstan,8.27,16.63,2017,2
Mauritania,8.19,12.47,2017,0
Nigeria,8.19,12.06,2017,0
Malawi,8.13,12.34,2017,0
Sudan,7.97,11.86,2017,0
Tanzania,7.96,12.01,2017,2
Bhutan,7.84,14.81,2017,2
Liberia,7.84,10.96,2017,0
Algeria,7.76,15.82,2017,0
Ecuador,7.66,16.15,2017,1
eSwatini,7.64,12.76,2017,0
Trinidad and Tobago,7.56,17.54,2017,1
Sri Lanka,7.52,14.79,2017,2
Zambia,7.46,11.37,2017,0
Ethiopia,7.45,11.12,2017,0
Comoros,7.44,10.97,2017,0
Panama,7.43,16.45,2017,1
Kongo,7.4,11.65,2017,4
Rwanda,7.35,11.98,2017,0
Serbia,7.23,18.05,2017,3
Tajikistan,7.16,12.98,2017,2
Greece,7.11,21.11,2017,3
Pakistan,7.11,11.36,2017,2
Lesotho,7.03,11.4,2017,0
India,7,11.94,2017,2
Kenya,6.94,10.69,2017,0
Peru,6.91,14.4,2017,1
Morocco,6.87,13.25,2017,0
Central African Rep.,6.81,9.39,2017,1
China,6.81,14.43,2017,2
Colombia,6.76,13.84,2017,1
Uganda,6.66,10.16,2017,0
Turkmenistan,6.65,13.19,2017,2
Georgia,6.64,14.69,2017,2
Belize,6.6,13.31,2017,1
Angola,6.57,10.18,2017,0
Armenia,6.49,14.51,2017,2
Romania,6.47,15.77,2017,3
Malaysia,6.47,14.6,2017,2
Cuba,6.35,17.45,2017,1
North Macedonia,6.35,13.7,2017,3
Eritrea,6.32,8.55,2017,0
Bosnia and Herz.,6.31,14.02,2017,1
Mexico,6.25,13.84,2017,1
Gabon,6.14,11.95,2017,0
Thailand,6.12,14.38,2017,2
Yemen,6.01,9.04,2017,2
Venezuela,5.99,13.15,2017,4
Azerbaijan,5.99,13.16,2017,2
Laos,5.69,9.55,2017,2
Syria,5.64,10.56,2017,3
Tunisia,5.62,12.45,2017,0
South Africa,5.62,12.08,2017,0
Namibia,5.59,10.41,2017,0
Hungary,5.55,15.61,2017,3
Turkey,5.42,12.25,2017,2
Nepal,5.37,9.16,2017,2
Botswana,5.32,10.55,2017,0
Lebanon,5.02,11.14,2017,2
Moldova,4.98,11.11,2017,4
Bolivia,4.93,8.98,2017,2
Iran,4.87,10.19,2017,2
South Korea,4.8,14.89,2017,1
Iraq,4.77,8.08,2017,2
Jordan,4.76,10.53,2017,2
Italy,4.63,13.85,2017,3
Eq. Guinea,4.56,8.22,2017,1
Ireland,4.56,14.74,2017,3
New Zealand,4.42,15.44,2017,4
Bulgaria,4.34,11.66,2017,3
Australia,4.24,15.05,2017,4
Brazil,4.23,9.53,2017,1
Croatia,4.21,11.53,2017,3
Bahamas,4.14,10.71,2017,1
Uruguay,4.03,11.1,2017,1
United States of America,3.9,12.25,2017,1
Libya,3.89,7.8,2017,0
Russia,3.78,9.38,2017,3
Kazakhstan,3.74,9.11,2017,2
Paraguay,3.71,7.03,2017,1
Argentina,3.69,9.55,2017,1
Portugal,3.65,10.93,2017,3
Austria,3.63,13.6,2017,3
Slovenia,3.62,11.59,2017,3
United Kingdom,3.6,11.6,2017,2
Slovakia,3.56,10.21,2017,3
Czechia,3.52,10.82,2017,3
Kuwait,3.46,9.04,2017,2
Latvia,3.43,9.26,2017,3
Poland,3.35,9.79,2017,3
Belgium,3.33,11.66,2017,3
Spain,3.23,10.23,2017,3
Belarus,3.19,8.46,2017,3
Canada,3.13,10.25,2017,1
Ukraine,3.1,7.5,2017,3
Germany,3.09,11.41,2017,3
Mongolia,3.08,6.52,2017,2
Lithuania,3.06,8.88,2017,3
Denmark,2.99,10.87,2017,3
Cyprus,2.76,7.44,2017,2
France,2.73,9.25,2017,3
Oman,2.72,6.41,2017,2
Seychelles,2.56,5.99,2017,3
Luxembourg,2.55,9.12,2017,3
Switzerland,2.5,9.56,2017,3
Estonia,2.45,7.23,2017,3
Israel,2.4,6.41,2017,2
Singapore,2.36,7.82,2017,2
Egypt,2.3,4.72,2017,0
Norway,2.29,8.58,2017,3
Finland,2.25,8.19,2017,3
Sweden,2.19,7.97,2017,3
United Arab Emirates,1.98,5.93,2017,2
Bahrain,1.77,4.27,2017,2
Kiribati,1.76,3.05,2017,4
Island,1.54,5.67,2017,3
Grenada,1.44,3.13,2017,1
Barbados,1.21,3.46,2017,1
Saudi Arabia,1.21,2.93,2017,2
Malta,0.61,1.65,2017,3
Qatar,0.09,0.28,2017,2
Vanuatu,56.71,99.88,2019,4
Antigua and Barb.,30.8,69.95,2019,1
Tonga,29.39,61.41,2019,4
Solomon Is.,29.36,48.31,2019,3
Guyana,22.87,44.98,2019,1
Papua New Guinea,22.18,32.54,2019,4
Brunei,21.68,57.62,2019,0
Guatemala,20.69,38.56,2019,1
Philippines,20.69,41.93,2019,2
Bangladesh,18.78,32.48,2019,2
Cabo Verde,18.02,38.26,2019,0
Fiji,17.83,38.43,2019,4
Costa Rica,17.37,44.92,2019,1
Djibouti,16.46,27.04,2019,0
Timor-Leste,16.39,27.92,2019,2
Haiti,16.34,24.18,2019,1
Cambodia,15.13,26.82,2019,2
El Salvador,15.11,31.87,2019,1
Kiribati,14.64,25.52,2019,4
Comoros,14.63,23.54,2019,0
Nicaragua,13.78,25.95,2019,1
Niger,13.77,19.3,2019,0
Guinea-Bissau,13.32,18.92,2019,0
Nigeria,13.11,20.24,2019,0
Cameroon,12.87,20.32,2019,0
Uruguay,12.52,36.03,2019,1
Chile,12.45,34.32,2019,1
Benin,12.33,18.82,2019,0
Gambia,12.06,19.46,2019,0
Jamaica,11.91,26.18,2019,1
Chad,11.9,15.92,2019,0
Dominican Rep.,11.72,25.39,2019,1
Honduras,11.39,21.43,2019,1
Burkina Faso,11.14,16.59,2019,0
Togo,10.99,16.72,2019,0
Mali,10.73,15.69,2019,0
Indonesia,10.58,21.2,2019,2
Angola,10.56,15.93,2019,0
Madagascar,10.49,15.12,2019,0
Vietnam,10.31,22.03,2019,2
Kenya,10.3,16.53,2019,0
Burundi,10.29,14.81,2019,0
Côte d'Ivoire,10.03,15.55,2019,0
Senegal,9.82,16.48,2019,0
Sierra Leone,9.61,13.7,2019,0
Mozambique,9.5,13.5,2019,0
Mauritius,9.47,23.88,2019,0
Liberia,9.46,13.57,2019,0
Trinidad and Tobago,9.44,23.28,2019,1
Ghana,9.41,16.54,2019,0
Tanzania,9.23,14.4,2019,2
Zimbabwe,9.21,14.72,2019,0
Afghanistan,9.21,13.73,2019,2
Japan,9.19,38.94,2019,2
Malawi,8.94,13.43,2019,0
Dem. Rep. Congo,8.8,11.95,2019,3
Uganda,8.71,12.85,2019,0
Guinea,8.68,12.76,2019,0
Sudan,8.52,13.14,2019,0
Ecuador,8.48,18.29,2019,1
Albania,8.18,20.23,2019,3
Belize,8.02,17.14,2019,1
Uzbekistan,7.9,16.31,2019,2
Zambia,7.83,12.44,2019,0
Ethiopia,7.79,11.67,2019,0
Central African Rep.,7.75,10.18,2019,1
Mauritania,7.72,12.29,2019,0
Panama,7.7,17.73,2019,1
Venezuela,7.68,16.25,2019,4
Algeria,7.66,16.76,2019,0
Malaysia,7.61,18.73,2019,2
Micronesia,7.52,14.72,2019,1
Sri Lanka,7.5,16.01,2019,2
Eq. Guinea,7.48,13.13,2019,1
Rwanda,7.45,12.31,2019,0
Suriname,7.36,15.29,2019,1
Netherlands,7.35,31.73,2019,3
Kyrgyzstan,7.28,16.76,2019,2
Myanmar,7.27,12.91,2019,2
Pakistan,7.08,12.53,2019,2
Kongo,7.05,10.9,2019,4
Eritrea,6.94,9.59,2019,0
Greece,6.89,22.82,2019,3
Lesotho,6.89,11.16,2019,0
India,6.77,12.58,2019,2
Gabon,6.74,13.05,2019,0
Peru,6.65,14.81,2019,1
Montenegro,6.62,17.8,2019,3
Colombia,6.59,14.74,2019,1
eSwatini,6.49,11.13,2019,0
Thailand,6.48,14.75,2019,2
South Africa,6.4,13.55,2019,0
Tajikistan,6.24,13.01,2019,2
Samoa,6.19,13.04,2019,4
Mexico,6.01,14.18,2019,1
Iraq,5.95,10.54,2019,2
Syria,5.92,10.8,2019,3
China,5.84,14.41,2019,2
Morocco,5.83,12.23,2019,0
Namibia,5.82,11.39,2019,0
North Macedonia,5.81,14.67,2019,3
Tunisia,5.74,13.06,2019,0
Azerbaijan,5.73,14.48,2019,2
Armenia,5.72,14.69,2019,2
Cuba,5.7,16.49,2019,1
Turkmenistan,5.69,12.33,2019,2
Romania,5.65,15.37,2019,3
Yemen,5.5,8.03,2019,2
Georgia,5.48,14.08,2019,2
Lebanon,5.27,11.7,2019,2
Serbia,5.17,13.5,2019,3
Seychelles,5.17,12.5,2019,3
Turkey,5.06,12.3,2019,2
Hungary,4.94,15.29,2019,3
Iran,4.92,11.04,2019,2
Nepal,4.92,8.71,2019,2
Bolivia,4.91,9.62,2019,2
Brazil,4.79,11.34,2019,1
Bosnia and Herz.,4.71,11.22,2019,1
New Zealand,4.67,17.72,2019,4
Italy,4.57,15.14,2019,3
Laos,4.53,8.19,2019,2
Saint Lucia,4.52,10.24,2019,1
Australia,4.49,18.13,2019,4
Kuwait,4.49,12.49,2019,2
Ireland,4.37,16.75,2019,3
Bahamas,4.31,11.85,2019,1
Botswana,4.28,8.77,2019,0
Bulgaria,4.08,11.87,2019,3
Jordan,4.08,9.23,2019,2
Moldova,3.98,9.6,2019,4
Croatia,3.96,12.03,2019,3
United States of America,3.76,13.2,2019,1
United Arab Emirates,3.66,11.07,2019,2
Kazakhstan,3.56,9.59,2019,2
Argentina,3.53,9.59,2019,1
Russia,3.52,9.59,2019,3
Spain,3.46,11.75,2019,3
Portugal,3.44,11.6,2019,3
Slovenia,3.34,11.62,2019,3
Libya,3.34,7.37,2019,0
Paraguay,3.32,7.05,2019,1
Bhutan,3.31,6.89,2019,2
United Kingdom,3.3,12.6,2019,2
Israel,3.24,9.51,2019,2
Slovakia,3.2,10.08,2019,3
South Korea,3.08,11.32,2019,1
Canada,3.03,10.38,2019,1
Mongolia,3,7.11,2019,2
Czechia,2.99,10.77,2019,3
Poland,2.97,9.5,2019,3
Latvia,2.93,8.86,2019,3
Bahrain,2.89,7.32,2019,2
Austria,2.87,13.18,2019,3
Cyprus,2.87,8.55,2019,2
Belgium,2.79,11.42,2019,3
Oman,2.74,6.74,2019,2
Ukraine,2.66,6.92,2019,3
Denmark,2.65,11.79,2019,3
Belarus,2.59,7.84,2019,3
Singapore,2.51,9,2019,2
São Tomé and Principe,2.49,4.53,2019,0
Germany,2.43,11.51,2019,3
France,2.37,9.57,2019,3
Luxembourg,2.36,9.58,2019,3
Norway,2.34,10.6,2019,3
Lithuania,2.29,7.66,2019,3
Sweden,2.2,8.84,2019,3
Maldives,2.08,4.92,2019,2
Switzerland,2.05,9,2019,3
Estonia,2.04,6.78,2019,3
Finland,1.94,8.34,2019,3
Egypt,1.84,3.91,2019,0
Island,1.71,7.16,2019,3
Barbados,1.35,3.67,2019,1
Saudi Arabia,1.04,2.91,2019,2
Grenada,1.01,2.26,2019,1
St. Vin. and Gren.,0.8,1.88,2019,2
Malta,0.54,1.91,2019,3
Qatar,0.31,0.9,2019,2
Vanuatu,49.74,86.77,2020,4
Tonga,29.72,61.21,2020,4
Dominica,28.47,62.74,2020,1
Antigua and Barb.,27.44,68.92,2020,1
Solomon Is.,24.25,40.04,2020,3
Guyana,22.73,44.92,2020,1
Brunei,22.3,57.61,2020,0
Papua New Guinea,21.12,30.79,2020,4
Philippines,20.96,42.3,2020,2
Guatemala,20.09,36.52,2020,1
Cabo Verde,17.73,37.23,2020,0
Costa Rica,17.25,43.49,2020,1
Bangladesh,16.4,28.28,2020,2
Djibouti,16.23,26.79,2020,0
Fiji,16,34.63,2020,4
Cambodia,15.76,26.8,2020,2
El Salvador,15.33,31.69,2020,1
Kiribati,14.94,26.05,2020,4
Comoros,14.88,23.77,2020,0
Nicaragua,14.67,25.67,2020,1
Timor-Leste,14.67,25.85,2020,2
Haiti,14.62,21.43,2020,1
Niger,13.85,19.26,2020,0
Guinea-Bissau,13.32,18.86,2020,0
Nigeria,13.09,19.66,2020,0
Cameroon,12.97,20.34,2020,0
Uruguay,12.54,36.29,2020,1
Gambia,12.44,19.7,2020,0
Jamaica,12.08,26.05,2020,1
Chile,12.05,33.41,2020,1
Chad,11.83,15.71,2020,0
Dominican Rep.,11.57,24.85,2020,1
Benin,11.46,17.5,2020,0
Burkina Faso,11.19,16.54,2020,0
Honduras,11.02,20.25,2020,1
Togo,10.97,16.59,2020,0
Mali,10.76,15.68,2020,0
Madagascar,10.51,15.12,2020,0
Angola,10.4,15.74,2020,0
Indonesia,10.39,20.97,2020,2
Kenya,10.39,16.47,2020,0
Burundi,10.34,14.74,2020,0
Vietnam,10.3,22.02,2020,2
Côte d'Ivoire,10,15.54,2020,0
Senegal,9.74,16.51,2020,0
Japan,9.64,38.67,2020,2
Trinidad and Tobago,9.6,23.39,2020,1
Sierra Leone,9.44,13.69,2020,0
Liberia,9.43,13.56,2020,0
Ghana,9.37,16.38,2020,0
Zimbabwe,9.32,14.62,2020,0
Mozambique,9.18,13.31,2020,0
Mauritius,9.17,23.84,2020,0
Tanzania,8.96,14.01,2020,2
Malawi,8.89,13.22,2020,0
Dem. Rep. Congo,8.77,11.8,2020,3
Afghanistan,8.69,12.99,2020,2
Uganda,8.63,12.82,2020,0
Guinea,8.62,12.7,2020,0
Albania,8.46,20.14,2020,3
Sudan,8.45,13.13,2020,0
Ecuador,8.42,17.96,2020,1
Panama,7.96,18.03,2020,1
Belize,7.95,16.82,2020,1
Netherlands,7.89,31.72,2020,3
Venezuela,7.88,16.12,2020,4
Mauritania,7.85,12.55,2020,0
Ethiopia,7.82,11.68,2020,0
Uzbekistan,7.82,16.17,2020,2
Zambia,7.81,12.15,2020,0
Central African Rep.,7.79,10.2,2020,1
Malaysia,7.71,19.05,2020,2
Micronesia,7.59,14.95,2020,1
Sri Lanka,7.57,15.99,2020,2
Rwanda,7.56,12.3,2020,0
Algeria,7.55,16.51,2020,0
Suriname,7.4,15.41,2020,1
Kyrgyzstan,7.3,16.46,2020,2
Eq. Guinea,7.26,12.77,2020,1
Greece,7.25,22.89,2020,3
Myanmar,7.18,12.96,2020,2
Montenegro,6.93,18.12,2020,3
Kongo,6.81,10.65,2020,4
Eritrea,6.77,9.65,2020,0
Gabon,6.73,13,2020,0
Lesotho,6.71,11.16,2020,0
Pakistan,6.68,11.74,2020,2
Colombia,6.65,14.65,2020,1
India,6.62,12.51,2020,2
Thailand,6.54,14.81,2020,2
eSwatini,6.42,11.12,2020,0
Peru,6.37,14.14,2020,1
South Africa,6.37,13.37,2020,0
Namibia,6.21,11.36,2020,0
Syria,6.03,10.8,2020,3
Iraq,5.99,10.78,2020,2
Mexico,5.97,14.09,2020,1
Samoa,5.87,12.19,2020,4
Romania,5.86,15.41,2020,3
Cuba,5.84,16.53,2020,1
China,5.84,14.3,2020,2
Tajikistan,5.83,11.99,2020,2
Morocco,5.82,12.14,2020,0
North Macedonia,5.81,14.48,2020,3
Armenia,5.73,14.55,2020,2
Azerbaijan,5.72,14.31,2020,2
Georgia,5.72,14.58,2020,2
Tunisia,5.7,13.06,2020,0
Yemen,5.68,8.13,2020,2
Turkmenistan,5.66,12.25,2020,2
Seychelles,5.31,12.53,2020,3
Lebanon,5.27,11.43,2020,2
Serbia,5.25,13.41,2020,3
New Zealand,5.11,17.73,2020,4
Hungary,5.07,15.24,2020,3
Iran,5.03,10.96,2020,2
Turkey,5.03,12.29,2020,2
Brazil,4.91,11.33,2020,1
Bosnia and Herz.,4.8,11.18,2020,1
Bolivia,4.78,9.56,2020,2
Nepal,4.77,8.62,2020,2
Italy,4.75,15.17,2020,3
Saint Lucia,4.7,10.24,2020,1
Australia,4.54,18.08,2020,4
Ireland,4.5,16.68,2020,3
Kuwait,4.48,12.43,2020,2
Laos,4.47,8.02,2020,2
Bahamas,4.38,11.77,2020,1
Botswana,4.2,8.82,2020,0
Bulgaria,4.17,11.88,2020,3
Croatia,4.13,12.11,2020,3
Jordan,4.13,9.18,2020,2
Moldova,4.04,9.59,2020,4
United States of America,3.9,12.99,2020,1
Portugal,3.66,11.62,2020,3
Spain,3.61,11.74,2020,3
Kazakhstan,3.58,9.54,2020,2
Russia,3.55,9.59,2020,3
Argentina,3.5,9.55,2020,1
United Kingdom,3.46,12.58,2020,2
Libya,3.41,7.38,2020,0
Slovenia,3.41,11.39,2020,3
Paraguay,3.38,7.04,2020,1
Slovakia,3.37,10.1,2020,3
United Arab Emirates,3.3,10.99,2020,2
South Korea,3.14,11.32,2020,1
Austria,3.06,13.19,2020,3
Poland,3.04,9.45,2020,3
Czechia,3,10.77,2020,3
Cyprus,2.99,8.42,2020,2
Latvia,2.99,8.81,2020,3
Bhutan,2.97,6.27,2020,2
Mongolia,2.97,6.89,2020,2
Israel,2.95,8.35,2020,2
Bahrain,2.91,7.33,2020,2
Canada,2.79,10.36,2020,1
Oman,2.76,6.7,2020,2
Ukraine,2.75,6.91,2020,3
Denmark,2.74,11.85,2020,3
Belarus,2.67,7.96,2020,3
Belgium,2.66,11.38,2020,3
Germany,2.63,11.52,2020,3
São Tomé and Principe,2.58,4.55,2020,0
Singapore,2.57,8.87,2020,2
Norway,2.52,10.83,2020,3
Luxembourg,2.5,9.56,2020,3
France,2.47,9.62,2020,3
Lithuania,2.26,7.37,2020,3
Sweden,2.2,8.82,2020,3
Switzerland,2.15,9.01,2020,3
Maldives,2.12,4.77,2020,2
Estonia,2.03,6.52,2020,3
Finland,1.96,8.22,2020,3
Egypt,1.78,3.72,2020,0
Island,1.69,7.12,2020,3
Barbados,1.39,3.66,2020,1
Saudi Arabia,1.04,2.89,2020,2
Grenada,0.97,2.21,2020,1
St. Vin. and Gren.,0.81,1.85,2020,2
Malta,0.66,2.26,2020,3
Qatar,0.31,0.91,2020,2
Vanuatu,36.31,63.66,2012,4
Tonga,28.62,55.27,2012,4
Philippines,27.98,52.46,2012,2
Guatemala,20.75,36.3,2012,1
Bangladesh,20.22,31.7,2012,2
Solomon Is.,18.15,29.98,2012,3
Costa Rica,17.38,42.61,2012,1
Cambodia,17.17,27.65,2012,2
Timor-Leste,17.13,25.73,2012,2
El Salvador,16.89,32.6,2012,1
Brunei,15.92,41.1,2012,0
Papua New Guinea,15.81,24.94,2012,4
Mauritius,15.39,37.35,2012,0
Nicaragua,15.36,27.23,2012,1
Fiji,13.69,27.71,2012,4
Japan,13.53,45.91,2012,2
Guinea-Bissau,13.34,19.65,2012,0
Vietnam,12.88,25.35,2012,2
Chile,12.26,30.95,2012,1
Jamaica,12.15,25.82,2012,1
Haiti,11.96,16.26,2012,1
Niger,11.93,15.87,2012,0
Gambia,11.84,19.29,2012,0
Guyana,11.77,22.9,2012,1
Dominican Rep.,11.63,23.14,2012,1
Cameroon,11.5,18.19,2012,0
Benin,11.42,17.06,2012,0
Chad,11.13,14.89,2012,0
Senegal,11.08,17.57,2012,0
Honduras,11.02,20.01,2012,1
Madagascar,10.96,16.03,2012,0
Cabo Verde,10.88,20.26,2012,0
Indonesia,10.74,19.36,2012,2
Togo,10.64,15.56,2012,0
Sierra Leone,10.58,14.65,2012,0
Burundi,10.49,15.13,2012,0
Djibouti,9.96,16.34,2012,0
Albania,9.96,21.25,2012,3
Zimbabwe,9.87,14.96,2012,0
Afghanistan,9.79,13.17,2012,2
Burkina Faso,9.74,14.32,2012,0
Myanmar,9.15,14.87,2012,2
Mozambique,9.09,12.73,2012,0
Côte d'Ivoire,9,13.67,2012,0
Ghana,8.85,14.48,2012,0
Mali,8.76,12.55,2012,0
Uzbekistan,8.71,16.18,2012,2
Suriname,8.62,18.12,2012,1
Guinea,8.55,12.03,2012,0
Kyrgyzstan,8.5,16.63,2012,2
Netherlands,8.49,30.57,2012,3
Mauritania,8.43,12.47,2012,0
Nigeria,8.28,12.06,2012,0
Malawi,8.18,12.34,2012,0
Bhutan,8.17,14.81,2012,2
Algeria,8.15,15.82,2012,0
Tanzania,8.11,12.01,2012,2
Ecuador,7.94,16.15,2012,1
Sudan,7.88,11.86,2012,0
Liberia,7.86,10.96,2012,0
eSwatini,7.84,12.76,2012,0
Ethiopia,7.81,11.12,2012,0
Sri Lanka,7.79,14.79,2012,2
Panama,7.69,16.45,2012,1
Trinidad and Tobago,7.68,17.54,2012,1
Serbia,7.67,18.05,2012,3
Rwanda,7.6,11.98,2012,0
Comoros,7.45,10.97,2012,0
Zambia,7.44,11.37,2012,0
Tajikistan,7.4,12.98,2012,2
Kongo,7.38,11.65,2012,4
Greece,7.35,21.11,2012,3
India,7.28,11.94,2012,2
Pakistan,7.25,11.36,2012,2
Lesotho,7.22,11.4,2012,0
Morocco,7.21,13.25,2012,0
Peru,7.18,14.4,2012,1
China,7.05,14.43,2012,2
Armenia,7.04,14.51,2012,2
Kenya,6.96,10.69,2012,0
Colombia,6.89,13.84,2012,1
Romania,6.78,15.77,2012,3
Uganda,6.75,10.16,2012,0
Georgia,6.75,14.69,2012,2
Central African Rep.,6.64,9.39,2012,1
Bosnia and Herz.,6.63,14.02,2012,1
Belize,6.63,13.31,2012,1
Angola,6.56,10.18,2012,0
Cuba,6.55,17.45,2012,1
Turkmenistan,6.55,13.19,2012,2
Malaysia,6.53,14.6,2012,2
Thailand,6.44,13.7,2012,2
Eritrea,6.44,8.55,2012,0
Mexico,6.39,13.84,2012,1
North Macedonia,6.25,14.38,2012,3
Gabon,6.2,11.95,2012,0
Venezuela,6.13,13.15,2012,4
Azerbaijan,6.1,13.16,2012,2
Yemen,5.98,9.04,2012,2
Tunisia,5.9,12.45,2012,0
South Africa,5.9,12.08,2012,0
Hungary,5.87,15.61,2012,3
Laos,5.73,9.55,2012,2
Namibia,5.72,10.41,2012,0
Nepal,5.69,9.16,2012,2
Syria,5.68,10.56,2012,3
Turkey,5.68,12.25,2012,2
Moldova,5.23,11.11,2012,4
Botswana,5.21,10.55,2012,0
Bolivia,5.13,8.98,2012,2
Lebanon,5.1,11.14,2012,2
Iran,4.98,10.19,2012,2
Iraq,4.95,8.08,2012,2
Jordan,4.9,10.53,2012,2
South Korea,4.89,14.89,2012,1
Italy,4.82,13.85,2012,3
Australia,4.57,15.05,2012,4
Bulgaria,4.56,11.66,2012,3
Samoa,4.51,9.1,2012,4
Ireland,4.5,14.74,2012,3
Eq. Guinea,4.47,8.22,2012,1
New Zealand,4.44,15.44,2012,4
Croatia,4.35,11.53,2012,3
Brazil,4.3,9.53,2012,1
Bahamas,4.17,10.71,2012,1
Uruguay,4.12,11.1,2012,1
United States of America,3.99,12.25,2012,1
Kazakhstan,3.87,9.11,2012,2
Paraguay,3.84,7.03,2012,1
Russia,3.83,9.38,2012,3
Portugal,3.82,10.93,2012,3
Slovenia,3.81,11.59,2012,3
Argentina,3.8,9.55,2012,1
Libya,3.8,7.8,2012,0
Austria,3.75,13.6,2012,3
Kuwait,3.71,9.04,2012,2
Slovakia,3.69,10.21,2012,3
Czechia,3.67,10.82,2012,3
United Kingdom,3.65,11.6,2012,2
Poland,3.53,9.79,2012,3
Latvia,3.51,9.26,2012,3
Belgium,3.48,11.66,2012,3
Spain,3.4,10.23,2012,3
São Tomé and Principe,3.4,5.81,2012,0
Belarus,3.32,8.46,2012,3
Germany,3.27,11.41,2012,3
Mongolien,3.24,6.52,2012,2
Lithuania,3.23,8.88,2012,3
Ukraine,3.19,7.5,2012,3
Canada,3.18,10.25,2012,1
Denmark,3.09,10.87,2012,3
Cyprus,2.81,7.44,2012,2
France,2.78,9.25,2012,3
Oman,2.72,6.41,2012,2
Luxembourg,2.65,9.12,2012,3
Seychelles,2.6,5.99,2012,3
Switzerland,2.59,9.56,2012,3
Singapore,2.54,7.82,2012,2
Estonia,2.5,7.23,2012,3
Israel,2.43,6.41,2012,2
Egypt,2.33,4.72,2012,0
Norway,2.31,8.58,2012,3
Finland,2.24,8.19,2012,3
Sweden,2.15,7.97,2012,3
United Arab Emirates,2.07,5.93,2012,2
Bahrain,1.81,4.27,2012,2
Kiribati,1.78,3.05,2012,4
Island,1.53,5.67,2012,3
Grenada,1.46,3.13,2012,1
Saudi Arabia,1.31,2.93,2012,2
Barbados,1.15,3.46,2012,1
Malta,0.61,1.65,2012,3
Qatar,0.1,0.28,2012,2
Vanuatu,50.28,86.46,2018,4
Tonga,29.42,55.92,2018,4
Philippines,25.14,49.94,2018,2
Solomon Is.,23.29,37.81,2018,3
Guyana,23.23,45.56,2018,1
Papua New Guinea,20.88,31.05,2018,4
Guatemala,20.6,38.5,2018,1
Brunei,18.82,52.71,2018,0
Bangladesh,17.38,29.95,2018,2
Fiji,16.58,35.51,2018,4
Costa Rica,16.56,44.27,2018,1
Cambodia,16.07,27.13,2018,2
Timor-Leste,16.05,26.96,2018,2
El Salvador,15.95,33.46,2018,1
Kiribati,15.42,26.37,2018,4
Mauritius,14.27,37.22,2018,0
Nicaragua,13.99,26.27,2018,1
Djibouti,13.9,21.87,2018,0
Guinea-Bissau,13.4,18.7,2018,0
Chad,11.88,15.9,2018,0
Haiti,11.86,17.2,2018,1
Cameroon,11.81,18.76,2018,0
Cabo Verde,11.52,23.33,2018,0
Sierra Leone,11.49,16.23,2018,0
Vietnam,11.35,24.17,2018,2
Niger,11.34,15.48,2018,0
Jamaica,11.22,24.83,2018,1
Chile,11.15,31.84,2018,1
Japan,11.08,46.55,2018,2
Benin,11.04,16.65,2018,0
Gambia,10.92,17.15,2018,0
Madagascar,10.89,15.63,2018,0
Dominican Rep.,10.77,23.44,2018,1
Senegal,10.51,17.25,2018,0
Afghanistan,10.45,15.48,2018,2
Indonesia,10.36,20.57,2018,2
Angola,10.31,15.71,2018,0
Zimbabwe,10.23,16.14,2018,0
Honduras,10.19,19.2,2018,1
Burkina Faso,9.82,14.48,2018,0
Mali,9.61,14.01,2018,0
Mozambique,9.52,13.37,2018,0
Sudan,9.41,14.89,2018,0
Togo,9.35,14.19,2018,0
Albania,9.22,22.83,2018,3
Tanzania,9.01,13.94,2018,2
Burundi,8.99,12.86,2018,0
Mauritania,8.53,13.39,2018,0
Liberia,8.52,11.92,2018,0
Ghana,8.43,14.53,2018,0
Comoros,8.36,13.13,2018,0
Nigeria,8.34,12.56,2018,0
Côte d'Ivoire,8.28,12.83,2018,0
Lesotho,8.2,13.12,2018,0
Ecuador,8.1,17.63,2018,1
Malawi,8.02,11.92,2018,0
Guinea,7.99,11.67,2018,0
Uzbekistan,7.99,16.37,2018,2
Trinidad and Tobago,7.86,20.45,2018,1
Belize,7.73,16.85,2018,1
Sri Lanka,7.65,16.01,2018,2
Bhutan,7.56,15.48,2018,2
Algeria,7.54,16.5,2018,0
Myanmar,7.49,13.3,2018,2
Netherlands,7.45,31.86,2018,3
Panama,7.28,17.26,2018,1
Kyrgyzstan,7.25,16.4,2018,2
Suriname,7.2,15.56,2018,1
Ethiopia,7.15,10.47,2018,0
Rwanda,7.1,11.47,2018,0
Venezuela,7.03,15.27,2018,4
Kenya,7,11.01,2018,0
Uganda,6.9,10.19,2018,0
Zambia,6.88,10.92,2018,0
India,6.83,12.47,2018,2
Samoa,6.71,14.12,2018,4
Serbia,6.68,17.91,2018,3
Greece,6.56,23.06,2018,3
Kongo,6.52,10.19,2018,4
Gabon,6.52,12.56,2018,0
Peru,6.45,14.55,2018,1
Malaysia,6.44,16.35,2018,2
Central African Rep.,6.44,8.42,2018,1
Yemen,6.43,9.26,2018,2
Colombia,6.42,14.63,2018,1
Turkmenistan,6.2,13.53,2018,2
Morocco,6.13,12.87,2018,0
Thailand,6.12,14.22,2018,2
Pakistan,6.11,10.7,2018,2
Cuba,6.06,17.27,2018,1
Armenia,6.06,15.13,2018,2
Mexico,5.88,13.99,2018,1
Tajikistan,5.85,11.97,2018,2
eSwatini,5.85,9.99,2018,0
China,5.8,14.52,2018,2
Namibia,5.79,11.33,2018,0
South Africa,5.75,12.39,2018,0
Eritrea,5.62,7.77,2018,0
North Macedonia,5.59,14.36,2018,3
Syria,5.53,9.98,2018,3
Georgia,5.47,14.15,2018,2
Romania,5.46,15.37,2018,3
Azerbaijan,5.46,14.31,2018,2
Nepal,5.44,9.53,2018,2
Tunisia,5.41,12.55,2018,0
Laos,5.3,9.3,2018,2
Eq. Guinea,5.13,8.97,2018,1
Hungary,5.01,15.63,2018,3
Botswana,4.94,10.39,2018,0
Iraq,4.93,8.72,2018,2
Lebanon,4.75,10.9,2018,2
Turkey,4.73,11.74,2018,2
New Zealand,4.71,17.76,2018,4
Bosnia and Herz.,4.67,11.4,2018,1
Seychelles,4.59,11.64,2018,3
Bolivia,4.58,9.02,2018,2
Jordan,4.41,10,2018,2
Australia,4.41,17.81,2018,4
Bahamas,4.34,12.12,2018,1
Iran,4.28,9.82,2018,2
Brazil,4.25,10.38,2018,1
Italy,4.12,14.51,2018,3
Bulgaria,4.09,12.3,2018,3
Ireland,4.06,15.76,2018,3
Moldova,3.84,9.18,2018,4
South Korea,3.82,14.86,2018,1
Libya,3.66,7.91,2018,0
Croatia,3.59,11.51,2018,3
Kazakhstan,3.5,9.61,2018,2
Russia,3.42,9.53,2018,3
United States of America,3.42,12.15,2018,1
Kuwait,3.39,9.74,2018,2
Uruguay,3.36,10.06,2018,1
Paraguay,3.35,7.13,2018,1
Argentina,3.32,9.3,2018,1
United Kingdom,3.31,12.39,2018,2
Slovenia,3.23,11.97,2018,3
Portugal,3.13,11.08,2018,3
Slovakia,3.11,10.12,2018,3
Czechia,3.1,11.16,2018,3
United Arab Emirates,2.99,9.5,2018,2
Poland,2.94,9.73,2018,3
Austria,2.92,13.91,2018,3
Latvia,2.9,9.08,2018,3
Ukraine,2.9,7.63,2018,3
Spain,2.8,9.97,2018,3
Belarus,2.77,8.36,2018,3
Belgium,2.77,11.41,2018,3
Bahrain,2.73,7.24,2018,2
Oman,2.69,6.62,2018,2
Denmark,2.68,11.52,2018,3
Canada,2.63,10.43,2018,1
Cyprus,2.53,7.89,2018,2
Mongolia,2.46,5.82,2018,2
Germany,2.42,11.31,2018,3
Lithuania,2.38,8.23,2018,3
France,2.34,9.48,2018,3
Singapore,2.31,8.56,2018,2
Norway,2.29,10.3,2018,3
Estonia,2.25,7.61,2018,3
Switzerland,2.23,9.87,2018,3
Israel,2.2,6.76,2018,2
Sweden,2.19,9.02,2018,3
Luxembourg,2.16,9.27,2018,3
Finland,2.06,8.55,2018,3
Egypt,1.9,3.93,2018,0
Island,1.61,6.75,2018,3
Barbados,1.4,4.03,2018,1
Grenada,1.39,3.27,2018,1
Saudi Arabia,1.25,3.55,2018,2
Malta,0.57,1.84,2018,3
Qatar,0.36,1.02,2018,2
Vanuatu,36.28,63.66,2016,4
Tonga,29.33,55.27,2016,4
Philippines,26.7,52.46,2016,2
Guatemala,19.88,36.3,2016,1
Bangladesh,19.17,31.7,2016,2
Solomon Is.,19.14,29.98,2016,3
Brunei,17,41.1,2016,0
Costa Rica,17,42.61,2016,1
Cambodia,16.58,27.65,2016,2
Papua New Guinea,16.43,24.94,2016,4
El Salvador,16.05,32.6,2016,1
Timor-Leste,15.69,25.73,2016,2
Mauritius,15.53,37.35,2016,0
Nicaragua,14.62,27.23,2016,1
Guinea-Bissau,13.56,19.65,2016,0
Fiji,13.15,27.71,2016,4
Japan,12.99,45.91,2016,2
Vietnam,12.53,25.35,2016,2
Gambia,12.07,19.29,2016,0
Jamaica,11.83,25.82,2016,1
Haiti,11.68,16.26,2016,1
Chile,11.65,30.95,2016,1
Benin,11.39,17.06,2016,0
Guyana,11.39,22.9,2016,1
Niger,11.24,15.87,2016,0
Madagascar,11.15,16.03,2016,0
Dominican Rep.,10.96,23.14,2016,1
Cameroon,10.91,18.19,2016,0
Chad,10.85,14.89,2016,0
Honduras,10.68,20.01,2016,1
Cabo Verde,10.39,20.26,2016,0
Senegal,10.38,17.57,2016,0
Togo,10.36,15.56,2016,0
Djibouti,10.3,16.34,2016,0
Burundi,10.28,15.13,2016,0
Indonesia,10.24,19.36,2016,2
Sierra Leone,10.21,14.65,2016,0
Zimbabwe,10.06,14.96,2016,0
Burkina Faso,9.54,14.32,2016,0
Albania,9.5,21.25,2016,3
Afghanistan,9.5,13.17,2016,2
Myanmar,8.9,14.87,2016,2
Côte d'Ivoire,8.88,13.67,2016,0
Mozambique,8.69,12.73,2016,0
Uzbekistan,8.59,16.18,2016,2
Suriname,8.44,18.12,2016,1
Ghana,8.39,14.48,2016,0
Mali,8.39,12.55,2016,0
Netherlands,8.24,30.57,2016,3
Guinea,8.2,12.03,2016,0
Sudan,7.99,11.86,2016,0
Nigeria,7.98,12.06,2016,0
Malawi,7.98,12.34,2016,0
Mauritania,7.95,12.47,2016,0
Kyrgyzstan,7.86,16.63,2016,2
Liberia,7.84,10.96,2016,0
Tanzania,7.65,12.01,2016,2
Ecuador,7.53,16.15,2016,1
eSwatini,7.52,12.76,2016,0
Bhutan,7.51,14.81,2016,2
Trinidad and Tobago,7.5,17.54,2016,1
Algeria,7.36,15.82,2016,0
Sri Lanka,7.32,14.79,2016,2
Comoros,7.29,10.97,2016,0
Panama,7.26,16.45,2016,1
Zambia,7.25,11.37,2016,0
Congo,7.19,11.65,2016,0
Serbia,7.12,18.05,2016,3
Rwanda,7.09,11.98,2016,0
Ethiopia,7.04,11.12,2016,0
Central African Rep.,7.03,9.39,2016,0
Pakistan,6.96,11.36,2016,2
Lesotho,6.84,11.4,2016,0
Kenya,6.77,10.69,2016,0
Tajikistan,6.72,12.98,2016,2
Greece,6.7,21.11,2016,3
India,6.64,11.94,2016,2
Peru,6.59,14.4,2016,1
Belize,6.55,13.31,2016,1
Uganda,6.52,10.16,2016,0
Angola,6.52,10.18,2016,0
Morocco,6.45,13.25,2016,0
Colombia,6.45,13.84,2016,1
Turkmenistan,6.44,13.19,2016,2
China,6.39,14.43,2016,2
Malaysia,6.39,14.6,2016,2
Eritrea,6.35,8.55,2016,0
Georgia,6.27,14.69,2016,2
Thailand,6.19,13.7,2016,2
Cuba,6.13,17.45,2016,1
Bosnia and Herz.,6.1,14.02,2016,1
Armenia,6.07,14.51,2016,2
Gabon,6.04,11.95,2016,0
Yemen,5.97,9.04,2016,2
Mexico,5.97,13.84,2016,1
Venezuela,5.93,13.15,2016,4
Romania,5.92,15.77,2016,3
North Macedonia,5.87,14.38,2016,3
Syria,5.69,10.56,2016,3
Laos,5.59,9.55,2016,2
South Africa,5.58,12.08,2016,0
Azerbaijan,5.54,13.16,2016,2
Tunisia,5.4,12.45,2016,0
Namibia,5.37,10.41,2016,0
Hungary,5.32,15.61,2016,3
Turkey,5.2,12.25,2016,2
Botswana,5.14,10.55,2016,0
Nepal,5.12,9.16,2016,2
Lebanon,5.01,11.14,2016,2
Moldova,4.79,11.11,2016,4
Iran,4.73,10.19,2016,2
Ireland,4.6,14.74,2016,3
South Korea,14.89,30.82,2016,1
Bolivia,4.58,8.98,2016,2
Jordan,4.58,10.53,2016,2
New Zealand,4.55,15.44,2016,4
Iraq,4.49,8.08,2016,2
Eq. Guinea,4.46,8.22,2016,1
Italy,4.42,13.85,2016,3
Bulgaria,4.22,11.66,2016,3
Australia,4.22,15.05,2016,4
Bahamas,4.14,10.71,2016,1
Brazil,4.09,9.53,2016,1
Uruguay,4.03,11.1,2016,1
Croatia,3.97,11.53,2016,3
Libya,3.79,7.8,2016,0
United States of America,3.76,12.25,2016,3
Russia,3.58,9.38,2016,3
Argentina,3.56,9.55,2016,1
Kazakhstan,3.56,9.11,2016,2
United Kingdom,3.54,11.6,2016,2
Paraguay,3.48,7.03,2016,1
Portugal,3.45,10.93,2016,3
Slovenia,3.41,11.59,2016,3
Austria,3.39,13.6,2016,3
Slovakia,3.39,10.21,2016,3
Czech Republic,3.37,10.82,2016,2
Latvia,3.31,9.26,2016,3
Kuwait,3.28,9.04,2016,2
Poland,3.2,9.79,2016,3
Belarus,3.11,8.46,2016,3
Mongolia,3.08,6.52,2016,2
Belgium,3.07,11.66,2016,3
Spain,3.05,10.23,2016,3
Canada,3.01,10.25,2016,1
Ukraine,2.97,7.5,2016,3
Germany,2.95,11.41,2016,3
Lithuania,2.92,8.88,2016,3
Denmark,2.89,10.87,2016,3
Cyprus,2.68,7.44,2016,2
Oman,2.64,6.41,2016,2
France,2.62,9.25,2016,3
Seychelles,2.55,5.99,2016,0
Luxembourg,2.43,9.12,2016,3
Switzerland,2.37,9.56,2016,3
Estonia,2.36,7.23,2016,3
Israel,2.3,6.41,2016,2
Egypt,2.29,4.72,2016,0
Singapore,2.27,7.82,2016,2
Finland,2.21,8.19,2016,3
Norway,2.19,8.58,2016,3
Sweden,2.12,7.97,2016,3
United Arab Emirates,1.97,5.93,2016,2
Kiribati,1.78,3.05,2016,4
Bahrain,1.69,4.27,2016,2
Iceland,1.52,5.67,2016,3
Grenada,1.42,3.13,2016,1
Barbados,1.32,3.46,2016,1
Saudi Arabia,1.14,2.93,2016,2
Malta,0.6,1.65,2016,3
Qatar,0.08,0.28,2016,2
